{
  "s1_hook": 11.880181,
  "s2_status_quo": 13.970023,
  "s3_intro": 13.627891,
  "s4_intent": 15.734694,
  "s5_lenses": 18.387755,
  "s6_verdict": 20.261859,
  "s7_decision": 14.67737,
  "s8_outro": 8.400136
}